{
  "model": "Ensemble",
  "dataset": "GA4GH",
  "num_patients": 384,
  "component_models": [
    "ICTODQAcross-Ave-Random",
    "HPOProbMNB-Random",
    "CNB-Random",
    "NN-Mixup-Random-1"
  ],
  "metrics": {
    "Mic.RankMedian": 1965.0,
    "Mic.Recall.1": 0.0026041666666666665,
    "Mic.Recall.3": 0.013020833333333334,
    "Mic.Recall.5": 0.018229166666666668,
    "Mic.Recall.10": 0.03125,
    "Mic.Recall.20": 0.046875,
    "Mic.Recall.30": 0.052083333333333336,
    "Mic.Recall.40": 0.057291666666666664,
    "Mic.Recall.50": 0.057291666666666664,
    "Mic.Recall.100": 0.078125,
    "Mic.Recall.200": 0.1015625,
    "Mac.Recall.1": 0.003816793893129771,
    "Mac.Recall.3": 0.019083969465648856,
    "Mac.Recall.5": 0.026717557251908396,
    "Mac.Recall.10": 0.03435114503816794,
    "Mac.Recall.20": 0.05725190839694656,
    "Mac.Recall.30": 0.0648854961832061,
    "Mac.Recall.40": 0.07251908396946564,
    "Mac.Recall.50": 0.07251908396946564,
    "Mac.Recall.100": 0.10305343511450382,
    "Mac.Recall.200": 0.1301526717557252,
    "MicroF1": 0.0026041666666666665,
    "MacroF1": 0.00026041666666666666,
    "MicroPrecision": 0.0026041666666666665,
    "MacroPrecision": 0.0001358695652173913,
    "MicroRecall": 0.0026041666666666665,
    "MacroRecall": 0.003125,
    "Rank": [
      1417,
      5481,
      562,
      361,
      600,
      8,
      297,
      2207,
      7635,
      12,
      3282,
      7348,
      434,
      6604,
      380,
      2138,
      5122,
      5071,
      206,
      3704,
      2965,
      6264,
      1801,
      5192,
      4003,
      1428,
      889,
      4061,
      1714,
      768,
      1812,
      401,
      3677,
      166,
      220,
      1551,
      366,
      7816,
      2649,
      695,
      828,
      1953,
      3199,
      7150,
      4270,
      277,
      3486,
      408,
      3279,
      6186,
      2145,
      5935,
      685,
      203,
      1455,
      4549,
      6621,
      1670,
      7273,
      565,
      5993,
      4177,
      457,
      65,
      3633,
      3407,
      3782,
      7826,
      3003,
      1808,
      5519,
      4121,
      1714,
      4979,
      276,
      1221,
      3,
      988,
      872,
      709,
      2674,
      4143,
      4515,
      201,
      7340,
      7088,
      62,
      724,
      1262,
      4482,
      795,
      4794,
      7,
      193,
      810,
      2968,
      1356,
      1559,
      360,
      3409,
      99,
      3258,
      920,
      2742,
      1378,
      5941,
      499,
      1683,
      2858,
      1017,
      6002,
      8374,
      3702,
      4416,
      7434,
      6240,
      3143,
      346,
      2473,
      584,
      760,
      1180,
      391,
      618,
      2076,
      4441,
      533,
      4656,
      740,
      722,
      2226,
      4311,
      2507,
      4402,
      1751,
      6292,
      6859,
      220,
      350,
      4943,
      7717,
      373,
      5934,
      4320,
      750,
      2971,
      185,
      2819,
      2469,
      6423,
      6507,
      5907,
      1972,
      3001,
      260,
      13,
      1868,
      1081,
      1247,
      2032,
      6710,
      3633,
      5178,
      5446,
      1781,
      5,
      915,
      6556,
      1853,
      818,
      1741,
      2782,
      2862,
      4489,
      725,
      6113,
      69,
      6754,
      3018,
      1797,
      420,
      106,
      6512,
      6542,
      7487,
      969,
      384,
      4887,
      3866,
      1627,
      246,
      5544,
      706,
      858,
      31,
      427,
      6172,
      79,
      1524,
      26,
      3943,
      3667,
      2467,
      4425,
      4298,
      1091,
      6625,
      1747,
      1112,
      344,
      3960,
      459,
      384,
      614,
      1864,
      486,
      4559,
      73,
      525,
      1886,
      512,
      2945,
      4250,
      2395,
      1097,
      612,
      344,
      6811,
      3344,
      360,
      554,
      5380,
      760,
      7301,
      438,
      3198,
      1097,
      242,
      371,
      12,
      7971,
      2935,
      2,
      6619,
      515,
      7294,
      1851,
      400,
      6406,
      3326,
      160,
      29,
      3,
      6240,
      2469,
      593,
      12,
      1544,
      737,
      1921,
      6376,
      4359,
      5582,
      213,
      6450,
      1696,
      2840,
      2943,
      2115,
      427,
      1,
      512,
      5865,
      4725,
      1032,
      443,
      470,
      206,
      590,
      6621,
      136,
      1833,
      2196,
      2772,
      5420,
      3273,
      19,
      4023,
      1204,
      3875,
      6085,
      437,
      799,
      5754,
      2494,
      873,
      8220,
      1492,
      7965,
      959,
      4776,
      4244,
      4410,
      4190,
      692,
      1670,
      4174,
      7582,
      2319,
      6788,
      935,
      618,
      2841,
      1951,
      2272,
      6,
      6139,
      5938,
      1498,
      118,
      51,
      7,
      1665,
      322,
      3024,
      4036,
      4,
      2705,
      1899,
      4148,
      4394,
      3475,
      7172,
      3054,
      6356,
      554,
      4100,
      662,
      1923,
      5210,
      1895,
      1958,
      448,
      5373,
      3,
      20,
      6187,
      366,
      2801,
      210,
      2090,
      88,
      2130,
      3092,
      3062,
      2654,
      456,
      2441,
      1083,
      135,
      3008,
      3176,
      4617,
      2683,
      773,
      2061,
      557,
      1320,
      34,
      4650,
      2059,
      8048,
      1183,
      7,
      462,
      6864,
      2874,
      8236,
      6184,
      3294,
      4812,
      537,
      136,
      4681
    ]
  },
  "top_k_summary": {
    "top1": {
      "count": 1,
      "total": 384,
      "recall": 0.0026041666666666665
    },
    "top3": {
      "count": 5,
      "total": 384,
      "recall": 0.013020833333333334
    },
    "top5": {
      "count": 7,
      "total": 384,
      "recall": 0.018229166666666668
    },
    "top10": {
      "count": 12,
      "total": 384,
      "recall": 0.03125
    },
    "top30": {
      "count": 20,
      "total": 384,
      "recall": 0.052083333333333336
    }
  }
}